vehicle,wheel,state,baselineX,baselineY,baselineZ,modelX,modelY,modelZ,factoryScaleX,axleLeftX,axleRightX,axleCenterZ
Vulture,hinge_wheel_FL,stock,-0.6380000114440918,-0.14900000393390656,1.4210000038146973,0.0,0.0,0.0,1.0,-0.6243256330490112,0.6219357252120972,1.5305179059505463
Vulture,hinge_wheel_FL,lifted,-0.8799999952316284,-0.2347564995288849,1.4210000038146973,0.0,0.0,0.0,1.0,-0.7735327184200287,0.7728003561496735,1.4168812548141705
Vulture,hinge_wheel_FR,stock,0.6380000114440918,-0.14900000393390656,1.4210000038146973,0.0,0.0,0.0,1.0,-0.6243256330490112,0.6219357252120972,1.5305179059505463
Vulture,hinge_wheel_FR,lifted,0.8799999952316284,-0.2347564995288849,1.4210000038146973,0.0,0.0,0.0,1.0,-0.7735327184200287,0.7728003561496735,1.4168812548141705
Vulture,hinge_wheel_RL,stock,-0.6380000114440918,-0.14900000393390656,-1.0980000495910645,0.0,0.0,0.0,1.0,-0.6468778848648071,0.6459904909133911,-1.1540541221184681
Vulture,hinge_wheel_RL,lifted,-0.8799999952316284,-0.36500000953674316,-1.0980000495910645,0.0,0.0,0.0,1.0,-0.7468785345554352,0.7452586591243744,-1.1590397977423939
Vulture,hinge_wheel_RR,stock,0.6380000114440918,-0.14900000393390656,-1.0980000495910645,0.0,0.0,0.0,1.0,-0.6468778848648071,0.6459904909133911,-1.1540541221184681
Vulture,hinge_wheel_RR,lifted,0.8799999952316284,-0.36500000953674316,-1.0980000495910645,0.0,0.0,0.0,1.0,-0.7468785345554352,0.7452586591243744,-1.1590397977423939
Duke,hinge_wheel_FL,stock,-0.7870000004768372,-0.14900000393390656,1.5980000495910645,0.0,0.0,0.0,1.0,-0.6953433056842044,0.7004694215108742,1.7102736093778594
Duke,hinge_wheel_FL,lifted,-1.0,-0.2800000011920929,1.5980000495910645,0.0,0.0,0.0,1.0,-0.8471872782270076,0.8537791406671182,1.6004750396978193
Duke,hinge_wheel_FR,stock,0.7870000004768372,-0.14900000393390656,1.5980000495910645,0.0,0.0,0.0,1.0,-0.6953433056842044,0.7004694215108742,1.7102736093778594
Duke,hinge_wheel_FR,lifted,1.0,-0.2800000011920929,1.5980000495910645,0.0,0.0,0.0,1.0,-0.8471872782270076,0.8537791406671182,1.6004750396978193
Duke,hinge_wheel_RL,stock,-0.7870000004768372,-0.14900000393390656,-1.3769999742507935,0.0,0.0,0.0,1.0,-0.7308635843453288,0.7376894475317357,-1.435382944728119
Duke,hinge_wheel_RL,lifted,-1.0,-0.4099999964237213,-1.3769999742507935,0.0,0.0,0.0,1.0,-0.9074784452681044,0.9129289737116508,-1.4400456788816143
Duke,hinge_wheel_RR,stock,0.7870000004768372,-0.14900000393390656,-1.3769999742507935,0.0,0.0,0.0,1.0,-0.7308635843453288,0.7376894475317357,-1.435382944728119
Duke,hinge_wheel_RR,lifted,1.0,-0.4099999964237213,-1.3769999742507935,0.0,0.0,0.0,1.0,-0.9074784452681044,0.9129289737116508,-1.4400456788816143
Junker,hinge_wheel_FL,stock,-0.6710000038146973,-0.20000000298023224,1.3480000495910645,0.0,0.0,0.0,1.0,-0.5682740943864744,0.5659234620554159,1.4625178277492523
Junker,hinge_wheel_FL,lifted,-0.9310302734375,-0.2347564995288849,1.3480000495910645,0.0,0.0,0.0,1.0,-0.7735327184200287,0.7728003561496735,1.3544340645294415
Junker,hinge_wheel_FR,stock,0.6710000038146973,-0.20000000298023224,1.3480000495910645,0.0,0.0,0.0,1.0,-0.5682740943864744,0.5659234620554159,1.4625178277492523
Junker,hinge_wheel_FR,lifted,0.93017578125,-0.2347564995288849,1.3480000495910645,0.0,0.0,0.0,1.0,-0.7735327184200287,0.7728003561496735,1.3544340645294415
Junker,hinge_wheel_RL,stock,-0.6710000038146973,-0.20000000298023224,-1.13100004196167,0.0,0.0,0.0,1.0,-0.5806406850377357,0.579644000335577,-1.2475446149621803
Junker,hinge_wheel_RL,lifted,-0.9296875,-0.36500000953674316,-1.13100004196167,0.0,0.0,0.0,1.0,-0.7468785345554352,0.7452586591243744,-1.2166215800833973
Junker,hinge_wheel_RR,stock,0.6710000038146973,-0.20000000298023224,-1.13100004196167,0.0,0.0,0.0,1.0,-0.5806406850377357,0.579644000335577,-1.2475446149621803
Junker,hinge_wheel_RR,lifted,0.9283447265625,-0.36500000953674316,-1.13100004196167,0.0,0.0,0.0,1.0,-0.7468785345554352,0.7452586591243744,-1.2166215800833973
TinyTyrant,hinge_wheel_FL,stock,-0.6087999939918518,-0.42500001192092896,1.0199999809265137,0.0057373046875,-0.5764541625976562,0.003662109375,1.0,-0.569491982460022,0.5536215305328369,1.0146115981042385
TinyTyrant,hinge_wheel_FL,lifted,-0.800000011920929,-0.41999998688697815,1.0199999809265137,0.0057373046875,-0.5764541625976562,0.003662109375,1.0,-0.7673463225364685,0.7673463225364685,1.008161187171936
TinyTyrant,hinge_wheel_FR,stock,0.6087999939918518,-0.42500001192092896,1.0199999809265137,0.0057373046875,-0.5764541625976562,0.003662109375,1.0,-0.569491982460022,0.5536215305328369,1.0146115981042385
TinyTyrant,hinge_wheel_FR,lifted,0.800000011920929,-0.41999998688697815,1.0199999809265137,0.0057373046875,-0.5764541625976562,0.003662109375,1.0,-0.7673463225364685,0.7673463225364685,1.008161187171936
TinyTyrant,hinge_wheel_RL,stock,-0.6087999939918518,-0.42500001192092896,-1.0019999742507935,0.0057373046875,-0.5764541625976562,0.003662109375,1.0,-0.5684477388858795,0.5525780618190765,-0.8942731842398643
TinyTyrant,hinge_wheel_RL,lifted,-0.800000011920929,-0.45500001311302185,-1.0019999742507935,0.0057373046875,-0.5764541625976562,0.003662109375,1.0,-0.7538783252239227,0.7546968758106232,-0.8888416141271591
TinyTyrant,hinge_wheel_RR,stock,0.6087999939918518,-0.42500001192092896,-1.0019999742507935,0.0057373046875,-0.5764541625976562,0.003662109375,1.0,-0.5684477388858795,0.5525780618190765,-0.8942731842398643
TinyTyrant,hinge_wheel_RR,lifted,0.800000011920929,-0.45500001311302185,-1.0019999742507935,0.0057373046875,-0.5764541625976562,0.003662109375,1.0,-0.7538783252239227,0.7546968758106232,-0.8888416141271591
PipeRat,hinge_wheel_FL,stock,-0.5638427734375,-0.42500001192092896,0.9882813096046448,0.0057373046875,-0.5764541625976562,0.003662109375,1.0,-0.5637598037719727,0.5521125793457031,0.9836016781628132
PipeRat,hinge_wheel_FL,lifted,-0.7889999747276306,-0.42500001192092896,0.9882813096046448,0.0057373046875,-0.5764541625976562,0.003662109375,1.0,-0.7673463225364685,0.7673463225364685,0.967161238193512
PipeRat,hinge_wheel_FR,stock,0.5667725205421448,-0.42500001192092896,0.9882813096046448,0.0057373046875,-0.5764541625976562,0.003662109375,1.0,-0.5637598037719727,0.5521125793457031,0.9836016781628132
PipeRat,hinge_wheel_FR,lifted,0.7889999747276306,-0.42500001192092896,0.9882813096046448,0.0057373046875,-0.5764541625976562,0.003662109375,1.0,-0.7673463225364685,0.7673463225364685,0.967161238193512
PipeRat,hinge_wheel_RL,stock,-0.5638427734375,-0.42500001192092896,-0.8759999871253967,0.0057373046875,-0.5764541625976562,0.003662109375,1.0,-0.5454717576503754,0.5337523519992828,-0.6841706782579422
PipeRat,hinge_wheel_RL,lifted,-0.7889999747276306,-0.42500001192092896,-0.8759999871253967,0.0057373046875,-0.5764541625976562,0.003662109375,1.0,-0.7538783252239227,0.7546968758106232,-0.744312509894371
PipeRat,hinge_wheel_RR,stock,0.5667725205421448,-0.42500001192092896,-0.8759999871253967,0.0057373046875,-0.5764541625976562,0.003662109375,1.0,-0.5454717576503754,0.5337523519992828,-0.6841706782579422
PipeRat,hinge_wheel_RR,lifted,0.7889999747276306,-0.42500001192092896,-0.8759999871253967,0.0057373046875,-0.5764541625976562,0.003662109375,1.0,-0.7538783252239227,0.7546968758106232,-0.744312509894371
Poloska,hinge_wheel_FL,stock,-0.5638427734375,-0.42500001192092896,0.9882813096046448,0.0057373046875,-0.5764541625976562,0.003662109375,1.0,-0.5637598037719727,0.5521125793457031,0.9836016781628132
Poloska,hinge_wheel_FL,lifted,-0.7889999747276306,-0.42500001192092896,0.9882813096046448,0.0057373046875,-0.5764541625976562,0.003662109375,1.0,-0.7673463225364685,0.7673463225364685,0.967161238193512
Poloska,hinge_wheel_FR,stock,0.5667725205421448,-0.42500001192092896,0.9882813096046448,0.0057373046875,-0.5764541625976562,0.003662109375,1.0,-0.5637598037719727,0.5521125793457031,0.9836016781628132
Poloska,hinge_wheel_FR,lifted,0.7889999747276306,-0.42500001192092896,0.9882813096046448,0.0057373046875,-0.5764541625976562,0.003662109375,1.0,-0.7673463225364685,0.7673463225364685,0.967161238193512
Poloska,hinge_wheel_RL,stock,-0.5638427734375,-0.42500001192092896,-0.840576171875,0.0057373046875,-0.5764541625976562,0.003662109375,1.0,-0.5454717576503754,0.5337523519992828,-0.6841706782579422
Poloska,hinge_wheel_RL,lifted,-0.7889999747276306,-0.42500001192092896,-0.840576171875,0.0057373046875,-0.5764541625976562,0.003662109375,1.0,-0.7538783252239227,0.7546968758106232,-0.744312509894371
Poloska,hinge_wheel_RR,stock,0.5667725205421448,-0.42500001192092896,-0.840576171875,0.0057373046875,-0.5764541625976562,0.003662109375,1.0,-0.5454717576503754,0.5337523519992828,-0.6841706782579422
Poloska,hinge_wheel_RR,lifted,0.7889999747276306,-0.42500001192092896,-0.840576171875,0.0057373046875,-0.5764541625976562,0.003662109375,1.0,-0.7538783252239227,0.7546968758106232,-0.744312509894371
Outrider,hinge_wheel_FL,stock,-0.7497559189796448,-0.14900000393390656,1.5570000410079956,0.0,0.0,0.0,1.0,-0.6243256330490112,0.6219357252120972,1.666517823934555
Outrider,hinge_wheel_FL,lifted,-0.9310302734375,-0.2347564995288849,1.5570000410079956,0.0,0.0,0.0,1.0,-0.7735210061073303,0.7728120684623718,1.5528119877608595
Outrider,hinge_wheel_FR,stock,0.7497559189796448,-0.14900000393390656,1.5570000410079956,0.0,0.0,0.0,1.0,-0.6243256330490112,0.6219357252120972,1.666517823934555
Outrider,hinge_wheel_FR,lifted,0.9310302734375,-0.2347564995288849,1.5570000410079956,0.0,0.0,0.0,1.0,-0.7735210061073303,0.7728120684623718,1.5528119877608595
Outrider,hinge_wheel_RL,stock,-0.7497559189796448,-0.14900000393390656,-1.0980000495910645,0.0,0.0,0.0,1.0,-0.6468778848648071,0.6459904909133911,-1.1523905992507935
Outrider,hinge_wheel_RL,lifted,-0.9296875,-0.36500000953674316,-1.0980000495910645,0.0,0.0,0.0,1.0,-0.7468902468681335,0.745246946811676,-1.158992104456732
Outrider,hinge_wheel_RR,stock,0.7497559189796448,-0.14900000393390656,-1.0980000495910645,0.0,0.0,0.0,1.0,-0.6468778848648071,0.6459904909133911,-1.1523905992507935
Outrider,hinge_wheel_RR,lifted,0.9296875,-0.36500000953674316,-1.0980000495910645,0.0,0.0,0.0,1.0,-0.7468902468681335,0.745246946811676,-1.158992104456732
Rustallion,hinge_wheel_FL,stock,-0.729736328125,-0.1489257961511612,1.517822027206421,0.0,0.0,0.0,1.0,-0.6243256330490112,0.6219357252120972,1.6428909003734589
Rustallion,hinge_wheel_FL,lifted,-0.9310302734375,-0.2347564995288849,1.5258790254592896,0.0,0.0,0.0,1.0,-0.7737492024898529,0.7725838720798492,1.533419619542098
Rustallion,hinge_wheel_FR,stock,0.729736328125,-0.1489257961511612,1.517822027206421,0.0,0.0,0.0,1.0,-0.6243256330490112,0.6219357252120972,1.6428909003734589
Rustallion,hinge_wheel_FR,lifted,0.9310302734375,-0.2347564995288849,1.5258790254592896,0.0,0.0,0.0,1.0,-0.7737492024898529,0.7725838720798492,1.533419619542098
Rustallion,hinge_wheel_RL,stock,-0.729736328125,-0.1489257961511612,-1.080322027206421,0.0,0.0,0.0,1.0,-0.6468778848648071,0.6459904909133911,-1.1319160461425781
Rustallion,hinge_wheel_RL,lifted,-0.9296875,-0.4099999964237213,-1.0795899629592896,0.0,0.0,0.0,1.0,-0.7472170889377594,0.7449201047420502,-1.136495654430581
Rustallion,hinge_wheel_RR,stock,0.729736328125,-0.1489257961511612,-1.080322027206421,0.0,0.0,0.0,1.0,-0.6468778848648071,0.6459904909133911,-1.1319160461425781
Rustallion,hinge_wheel_RR,lifted,0.9296875,-0.4099999964237213,-1.0795899629592896,0.0,0.0,0.0,1.0,-0.7472170889377594,0.7449201047420502,-1.136495654430581
PigPen,hinge_wheel_FL,stock,-0.7519999742507935,-0.23000000417232513,1.2890000343322754,0.0,0.0,0.0,1.0,-0.6243256330490112,0.6219357252120972,1.3981839213520288
PigPen,hinge_wheel_FL,lifted,-0.9900000095367432,-0.36000001430511475,1.2890000343322754,0.0,0.0,0.0,1.0,-0.7735327184200287,0.7728003561496735,1.2914341007690655
PigPen,hinge_wheel_FR,stock,0.7519999742507935,-0.23000000417232513,1.2890000343322754,0.0,0.0,0.0,1.0,-0.6243256330490112,0.6219357252120972,1.3981839213520288
PigPen,hinge_wheel_FR,lifted,0.9900000095367432,-0.36000001430511475,1.2890000343322754,0.0,0.0,0.0,1.0,-0.7735327184200287,0.7728003561496735,1.2914341007690655
PigPen,hinge_wheel_RL,stock,-0.7519999742507935,-0.23000000417232513,-1.0980000495910645,0.0,0.0,0.0,1.0,-0.6468778848648071,0.6459904909133911,-1.1554212731778661
PigPen,hinge_wheel_RL,lifted,-0.9900000095367432,-0.36000001430511475,-1.0980000495910645,0.0,0.0,0.0,1.0,-0.7468785345554352,0.7452586591243744,-1.1519597196173939
PigPen,hinge_wheel_RR,stock,0.7519999742507935,-0.23000000417232513,-1.0980000495910645,0.0,0.0,0.0,1.0,-0.6468778848648071,0.6459904909133911,-1.1554212731778661
PigPen,hinge_wheel_RR,lifted,0.9900000095367432,-0.36000001430511475,-1.0980000495910645,0.0,0.0,0.0,1.0,-0.7468785345554352,0.7452586591243744,-1.1519597196173939
